{"cameraMode":{"drawMode":0,"name":"Shaded","section":"Shading Mode"},"sceneLighting":true,"audioPlay":false,"sceneViewState":{"showFog":true,"showMaterialUpdate":true,"showSkybox":true,"showFlares":true,"showImageEffects":true,"showParticleSystems":true},"in2DMode":false,"pivot":{"x":0.9086155295372009,"y":3.4482483863830568,"z":-8.623235702514649},"rotation":{"x":-0.1672665923833847,"y":0.053799111396074298,"z":-0.009141401387751103,"w":-0.9844000935554504},"size":0.3059850335121155,"orthographic":false}