{"cameraMode":{"drawMode":0,"name":"Shaded","section":"Shading Mode"},"sceneLighting":true,"audioPlay":false,"sceneViewState":{"showFog":true,"showMaterialUpdate":true,"showSkybox":true,"showFlares":true,"showImageEffects":true,"showParticleSystems":true},"in2DMode":false,"pivot":{"x":10.642658233642579,"y":1.7309608459472657,"z":1.7876262664794922},"rotation":{"x":0.018500452861189843,"y":-0.8755958080291748,"z":0.03363688662648201,"w":0.48152437806129458},"size":7.6146674156188969,"orthographic":false}