{"cameraMode":{"drawMode":0,"name":"Shaded","section":"Shading Mode"},"sceneLighting":true,"audioPlay":false,"sceneViewState":{"showFog":true,"showMaterialUpdate":true,"showSkybox":true,"showFlares":true,"showImageEffects":true,"showParticleSystems":true},"in2DMode":false,"pivot":{"x":12.719269752502442,"y":-3.033585786819458,"z":9.107157707214356},"rotation":{"x":0.33957919478416445,"y":-0.4136129915714264,"z":0.16972686350345612,"w":0.8275323510169983},"size":7.6146674156188969,"orthographic":false}